score,attributed_to,quote,situation,tags,paraphrase,context,timestamp_s,timestamp_link
98,Jefferson Fisher,The conversation you're avoiding is the result you're choosing.,Avoidance,"silence,result,inaction",Silence is a choice with a guaranteed outcome.,"Chris notes that people spend years in misery to avoid a few minutes of pain. Jefferson lands the line as a near-quote. Silence is a choice with a guaranteed outcome. The result of an unhad conversation is the situation you're stuck in, and you're the one choosing to stay there.",3721,https://youtu.be/AwPNjPR-vVY?t=3721
97,Jefferson Fisher,"If we're not okay, then nothing's okay.",Sweeping-under-rug,"partner,priority,resolution",Refuse the comfortable lie of 'we're fine'; relational health is the foundation.,"Chris asks Jefferson which lines he reaches for most. This is the one he says to his wife. It refuses the comfortable lie of brushing past something hard with 'we're fine.' If the relationship is the foundation, then nothing built on top of it works while it's cracked. He's saying: this is the first thing, not the last.",916,https://youtu.be/AwPNjPR-vVY?t=916
97,Jefferson Fisher,A nice guy wants to be liked. A good man wants to be worthy.,Nice-vs-good,"likability,worth,identity","Pursue worth, not likability.","Jefferson refines his earlier 'good man vs nice guy' distinction. The nice guy is performing for approval; the good man is pursuing worth. The first is reactive to other people's perception, the second is anchored in his own values. The reorientation is from likability toward worthiness.",5872,https://youtu.be/AwPNjPR-vVY?t=5872
96,Chris Williamson,Feelings don't give a single shit about the facts.,Persuasion,"emotion,disagreement,facts",'Facts don't care about your feelings' is backwards: feelings ignore facts.,"Chris pushes back on the popular 'facts don't care about your feelings' slogan, flipping it: in real conversations the opposite is true. Feelings completely override facts. Jefferson agrees, once emotion is in the room, no amount of data lands until the emotion is addressed.",171,https://youtu.be/AwPNjPR-vVY?t=171
96,Joe Hudson (via Chris),Your emotions aren't too big for me. There's space for you to just be you.,Emotional-overwhelm,"partner,reassurance,capacity",Signal that you can hold the other person's feelings without them shrinking.,Chris quotes a line from Joe Hudson (his coach) that he says reframed how he relates to his partner. The fear in relationships is that your emotions will be 'too much' for the other person to hold. Saying out loud that there is room for all of it dissolves the instinct to shrink or perform.,767,https://youtu.be/AwPNjPR-vVY?t=767
96,Jefferson Fisher,Have your breath be the first word that you say.,Escalation,"breath,pause,self-regulation","Before answering anything heated, exhale first.","Jefferson's signature technique, taught to every client before a deposition or cross-examination: take an audible breath before your first word. It does two things, it physically slows your nervous system, and it signals to the other party that you're not going to be rushed. This is the single most undervalued tool in heated conversation.",1085,https://youtu.be/AwPNjPR-vVY?t=1085
96,Jefferson Fisher,"Have something to learn, not something to prove.",Disagreement,"ego,curiosity,mindset","Enter a hard conversation in learning mode, not winning mode.","Continuing the same answer. When someone hits you with a 7 in a 3-shaped conversation, they're having a conversation in their head you weren't invited to. The way out, Jefferson says, is to enter every conflict with the mindset of having something to learn rather than something to prove. Curiosity beats agreement.",1961,https://youtu.be/AwPNjPR-vVY?t=1961
96,Jefferson Fisher,"Nice says 'I can't say that, that's not nice.' Kindness says 'I care enough about you to tell you the truth.'",Bad-news,"honesty,kindness,nice",Kindness > niceness; truth-telling is the actual care.,Chris asks Jefferson about delivering bad news. The frame Jefferson uses is the difference between nice and kind. Nice is performance: prioritise the surface comfort and lie about the truth. Kind is sacrifice: tell them the hard thing because you care enough to take the hit of saying it.,2569,https://youtu.be/AwPNjPR-vVY?t=2569
96,Jefferson Fisher,"To be a great leader, you have to learn the art of disappointing people. Telling them what they need to hear, not what they want to hear.",Leadership,"disappointment,truth,leadership",Leadership = the ability to deliver disappointing truths.,"After observing that his ability to hold other people's emotion improved with practice, Jefferson distils a leadership principle. Whether you're a partner, a parent, or a manager, you have to learn to disappoint people on purpose. Sometimes care looks like the answer they didn't want to hear.",3052,https://youtu.be/AwPNjPR-vVY?t=3052
96,Jefferson Fisher,Liars and manipulators aren't afraid of anger. They're afraid of calm.,Manipulation,"liars,calm,fear",Manipulators feed on heat; calm starves them.,"Jefferson generalises from his deposition work. Liars and manipulators feed on emotional reaction. They are not afraid of your anger; in some ways they want it, because it gives them more material to manipulate. What they cannot work with is your calm. Calm starves the dynamic they need.",4555,https://youtu.be/AwPNjPR-vVY?t=4555
96,Jefferson Fisher (grandfather),Little dogs yip at everything. Big dogs only bark once.,Confidence,"reserve,gravitas,texan",Don't comment on every little thing; the most confident speak last and least.,"Jefferson quotes his grandfather. Little dogs yip at everything because they have to. Big dogs bark once and the room knows. Confidence in conversation looks the same: not needing to comment on every passing thing, not having to defend every flank, trusting that you can speak less and still be felt.",5552,https://youtu.be/AwPNjPR-vVY?t=5552
95,Theo Von (via Chris),"We don't have to talk, I can just sit here with you for a minute.",Comforting-distress,"space-holding,silence,presence","When someone is breaking down, offer presence without forcing resolution.","They reference a famous Theo Vaughn / Sean Strickland clip. The MMA fighter is breaking down on the couch; Theo doesn't try to fix anything, doesn't ask questions, just says this. Jefferson and Chris call it the clearest example of space-holding they've ever seen, courage that looks like silence and presence.",575,https://youtu.be/AwPNjPR-vVY?t=575
95,Jefferson Fisher,My love for you is big enough to handle this.,Kid-outburst,"parenting,reassurance,unconditional",Reassure a child that their misbehavior doesn't threaten the relationship.,"Jefferson extends Joe Hudson's idea into parenting. His eight-year-old came home upset about a school recess slight and started apologising for being upset. Jefferson tells his kids this line so they know misbehaviour, big feelings or failures don't threaten the relationship. Love is the container, not the reward.",824,https://youtu.be/AwPNjPR-vVY?t=824
95,Jefferson Fisher (quoting),"I sat beside my good friend anger, and he turned to me and said, my name isn't anger, it's grief.",Anger,"grief,sadness,naming",What looks like anger is usually grief or sadness underneath.,"Chris asks what anger usually hides. Jefferson recites a poem fragment he loves about sitting next to anger and discovering its real name is grief. Underneath rage is almost always loss, fear, or sadness that has no other language.",1531,https://youtu.be/AwPNjPR-vVY?t=1531
95,Jefferson Fisher,I don't respond to that volume.,Yelling,"boundary,power,calm",Shift the frame from rule ('you can't') to your own behavior; you own how you respond.,"A small linguistic shift Jefferson teaches. 'You can't yell at me' is a rule about them, which they'll fight. 'I don't respond to that volume' is a statement about you, which they can't argue with. It removes their target and leaves them with a behaviour to adjust if they want a response.",2055,https://youtu.be/AwPNjPR-vVY?t=2055
95,Jefferson Fisher,Don't pick up what nobody asked you to carry. Don't start to feel the weight and burden of somebody else's feelings.,Empathy-overload,"empath,boundary,emotional-sovereignty","Empathy is a superpower, but absorbing isn't required.",Chris asks how empathetic people can avoid being overwhelmed by other people's emotions. Jefferson preserves empathy as a superpower but draws a line: feeling someone's emotion is different from carrying it. You don't have to absorb what wasn't handed to you. The image is of letting their feeling pass through rather than lodge in.,3221,https://youtu.be/AwPNjPR-vVY?t=3221
95,Jefferson Fisher,'Just joking' comeback: 'Then I need you to be funnier.',Fake-joke-cover,"banter,boundary,humor",Refuse the 'only joking' escape with deadpan equality.,"Chris asks about the British habit of pushing someone, then claiming 'only joking' when they react. Jefferson's preferred response, if you know the person, is a deadpan equal: 'then I need you to be funnier.' It refuses the protective layer of the joke without matching the meanness.",5213,https://youtu.be/AwPNjPR-vVY?t=5213
95,Jefferson Fisher,Aggression says 'I don't respect you'. Passive says 'I don't respect me'. Assertive says 'I respect both of us.',Assertiveness,"passive,aggressive,respect",The three-position spectrum: only assertive includes both people.,"Jefferson's three-position spectrum, the clearest single frame in his whole toolkit. Aggression says 'I don't respect you.' Passivity says 'I don't respect me.' Assertiveness says 'I respect both of us.' Only one of the three keeps you and the relationship intact.",5908,https://youtu.be/AwPNjPR-vVY?t=5908
95,Jefferson Fisher,"Do you want to choose to be right, or do you want to choose to be happy?",Being-right,"right,happy,relationship",Right is a hill; happy is the relationship.,"Chris asks 'being right is overrated, what does that mean?' Jefferson's answer is the classic frame: do you want to be right or do you want to be happy? In silly arguments about movies it doesn't matter; in real arguments with people who matter, the choice is real and the cost of choosing 'right' is the relationship.",6432,https://youtu.be/AwPNjPR-vVY?t=6432
94,Connor Beaton (via Chris),"I need to have a difficult conversation with you, and I know that you can handle it. And I know that we can handle it as well.",Opening-hard-conversations,"framing,partner,resilience",Frame a hard conversation as something you both have the capacity for.,"Chris cites a line he recently learned from coach Connor Beaton: a script that opens a hard conversation by simultaneously naming the difficulty and the relationship's capacity for it. 'I know you can handle it, and I know we can handle it.' The framing primes the other person to lean in rather than brace.",386,https://youtu.be/AwPNjPR-vVY?t=386
94,Jefferson Fisher,Acting in alignment with integrity is going from nice guy to good man.,Integrity,"nice-vs-good,values,courage",'Nice guy' is performance; 'good man' is alignment.,"Jefferson sketches the difference between a 'nice guy' and a 'good man.' The nice guy softens the truth to avoid being disliked. The good man tells the truth because his values demand it, accepting the cost. Acting in alignment with what you actually believe is the upgrade.",3137,https://youtu.be/AwPNjPR-vVY?t=3137
94,Jefferson Fisher,Tell me what I'm missing.,Disagreement,"openness,curiosity,hidden-power",Disarms the other side: invites their reasoning instead of attacking yours.,"Jefferson shares a quieter, more powerful version of the same family of moves. In depositions when he's caught someone in a lie, he doesn't accuse. He says 'tell me what I'm missing.' The phrasing assumes good faith on the surface while creating space for the person to either come clean or contradict themselves further on record.",4914,https://youtu.be/AwPNjPR-vVY?t=4914
94,Jefferson Fisher,"Confidence is as assertive does. If you want to feel more confident, say more assertive things.",Confidence,"language,behavior,feedback-loop","Confident behavior generates confident feeling, not the other way around.","Chris asks where self-assurance comes from. Jefferson reverses the usual causality. Confidence isn't a feeling that produces assertive behaviour; it's the residue of assertive behaviour. You act, the feeling follows. Waiting to feel confident before acting is the trap.",5481,https://youtu.be/AwPNjPR-vVY?t=5481
94,Jefferson Fisher,Liars cannot stand that you don't believe them. People telling the truth are at peace if you don't.,Detecting-lies,"cue,outsized-response,peace",A liar needs your belief; a truth-teller doesn't.,"After Chris asks about lie-detection without evidence, Jefferson offers a behavioural tell. Truth-tellers can sit with being disbelieved. Liars cannot. Their internal stake in your belief is what gives them away; a disproportionate need for you to accept the story is the signal.",6839,https://youtu.be/AwPNjPR-vVY?t=6839
94,Jefferson Fisher,How good are the bad times? The really hard conversations are invitations to grow deeper.,Relationships,"depth,hard-times,growth","Measure your relationship by the bad days, not the good ones.",Jefferson agrees and rephrases it as a question to ask yourself about any relationship: how good are the bad times? The really hard conversations are not threats to the bond; they're invitations to deepen it. A relationship that can hold those grows; one that can't doesn't.,7238,https://youtu.be/AwPNjPR-vVY?t=7238
93,Jefferson Fisher,"Self-improvement, if it doesn't help you connect with anybody else, is just self-worship.",Solo-growth,"vulnerability,connection,ego","Growth that isolates you isn't growth, it's narcissism.","After a beat on the vulnerability of asking for help, Jefferson offers this sharper framing of self-improvement. If your growth doesn't make you better in relation to anyone else (kids, partner, colleagues, friends) then it's not improvement, it's another form of self-absorption. Strengthening alone isn't strength.",1047,https://youtu.be/AwPNjPR-vVY?t=1047
93,Chris Williamson,People will spend years in misery to avoid a few minutes of pain.,Avoidance,"misery,short-term-pain,asymmetry",The asymmetry between minutes of confrontation and years of silent suffering is wild.,"Chris's framing of the asymmetry. People will sit inside years of low-grade misery, a bad job, a bad relationship, a bad apartment, to dodge a single hard conversation. The math is absurd once you state it, which is part of why stating it is useful.",3712,https://youtu.be/AwPNjPR-vVY?t=3712
92,Jefferson Fisher,Facts and evidence typically don't matter when it comes to changing somebody's mind. It has a lot to do with how you've made them feel about it.,Persuasion,"emotion,disagreement,facts",People don't change their mind because of facts; they change because of how you made them feel.,"After describing how a disagreement triggers the body the same way a physical threat does (pupils dilating, jaw clenching, breath held), Jefferson explains that this is also why facts rarely change minds. Once someone is biologically activated they're not processing evidence; they're defending an identity. How you made them feel matters more than what you proved.",138,https://youtu.be/AwPNjPR-vVY?t=138
92,Chris Williamson,"Even in disagreement, we're a team. Even in conflict, we're a team.",Conflict,"partner,frame,alliance",Conflict isn't you-vs-me; you're both on the same side of the problem.,"Chris reflects back what Jefferson has been describing: even in disagreement, even in conflict, you're on the same side of the problem. Jefferson agrees, and adds that this is especially true when it's tense, that's exactly when most people forget it.",1176,https://youtu.be/AwPNjPR-vVY?t=1176
92,Jefferson Fisher,Rarely if ever does getting angry at somebody lead to changing their behavior.,Anger,"behavior-change,counterproductive",Anger as a behavior-change tool is almost always counter-productive.,"Chris frames anger as an evolutionary tool: before law enforcement, you needed an outsized response to deter further violations. That utility is mostly obsolete. Jefferson agrees and tightens the argument: pushing harder against someone you want to change is the surest way to entrench them in their position.",1726,https://youtu.be/AwPNjPR-vVY?t=1726
92,Jefferson Fisher,What's coming up for you?,Passive-aggression,"disarm,curiosity,invite",Disarms passive-aggressive remarks by inviting the real grievance into the open.,"Chris asks how to deal with passive-aggressive people. Jefferson first explains the origin: passive-aggression is usually a childhood adaptation. The needs weren't safe to voice, so the person learned to indicate them sideways. 'What's coming up for you?' disarms the indirectness by inviting the real complaint into the open.",2269,https://youtu.be/AwPNjPR-vVY?t=2269
92,Jefferson Fisher,"Hard conversations are like a cold plunge: shock at the start, clarity once you're in, and there's an end to it.",Hard-conversations,"metaphor,courage,endurance",The dread is worse than the doing.,"Jefferson's mental model for hard conversations: a cold plunge. The dread before is worse than the doing. The first few seconds are a shock to the system. Then your body settles, you find clarity, and there's an end to it. Postponing the plunge keeps you in the dread permanently.",2921,https://youtu.be/AwPNjPR-vVY?t=2921
92,Jefferson Fisher,People-pleasing isn't bad in itself; you just need to make sure that you're one of the people you please.,People-pleasing,"self,boundaries,include-yourself",Include yourself on the list of people whose needs count.,"Reframe of people-pleasing. Jefferson is generous with the trait, it's a sign of consideration. The only failure mode is when you systematically leave yourself off the list of people you're trying to please. Include yourself, and people-pleasing becomes kindness with you in it.",3319,https://youtu.be/AwPNjPR-vVY?t=3319
92,Jefferson Fisher,The biggest myth in communication: what is sent is what is received.,Miscommunication,"intent,reception,gap",Stop assuming your meaning landed.,"Chris asks how to deal with someone who's not understanding you. Jefferson points at the foundational myth most people operate under. We assume our intended message lands intact, and that any failure is on the receiver. In practice, the gap between sent and received is enormous and constant, and pretending otherwise is the source of most argument loops.",4005,https://youtu.be/AwPNjPR-vVY?t=4005
92,Jefferson Fisher,You don't have to hit it back over a net. It's not tennis. You can just let it be there.,Insult,"non-reciprocity,refuse,catch",Refusing to volley is a power move.,"Continuing the same answer. The instinct in an insult is to volley, to send something back over the net. Jefferson rejects the framing entirely. It's not tennis. You don't have to catch what someone threw at you. You can let it lie there on the table where they put it.",4471,https://youtu.be/AwPNjPR-vVY?t=4471
92,Jefferson Fisher,Show up like you've been there before.,Composure,"capacity,calm,gravitas",Don't act surprised by the size of the moment.,"Jefferson's complementary frame, borrowed from sports: show up like you've been there before. Don't act surprised by the size of the moment. Composure is partly performance of capacity until the capacity catches up.",5678,https://youtu.be/AwPNjPR-vVY?t=5678
92,Jefferson Fisher,"Walk silently with the big stick. You don't have to name-drop, talk about how much your company sold for, or what car you drive.",Confidence,"understatement,reserve,no-flex",Confident people don't have to broadcast their value.,"Closing the composure section. The most confident people in the room aren't the ones establishing their value. They're not name-dropping, not telling you what their company sold for, not showing off the car. They walk in with the big stick and don't need to say a word about it.",5763,https://youtu.be/AwPNjPR-vVY?t=5763
92,Jefferson Fisher,The person who always has to win the argument is the person who typically loses everything.,Winning,"win,relationship,cost",Winning every battle loses every war.,"Jefferson agrees and tightens it into a one-liner. The person who has to win every argument inevitably loses the relationships those arguments sit inside. Total record on the points, total loss on the actual game.",6083,https://youtu.be/AwPNjPR-vVY?t=6083
92,Jefferson Fisher,You can say a lot and still not say anything.,Word-economy,"volume,empty,verbose",Volume isn't substance.,"The closing summary of the word-economy section. Volume of words is not substance. Whole speeches can leave a room with nothing to hold; one sentence can. Track the actual signal you're transmitting, not the amount of air you're displacing.",6302,https://youtu.be/AwPNjPR-vVY?t=6302
92,Visakan (via Chris),Bad times are a far better predictor of relationship longevity than good times.,Relationships,"longevity,bad-times,divorce-paradox",Skydives are not what saves relationships; rupture-repair quality is.,"Chris quotes a line from Visakan Veerasamy: bad times are a far better predictor of relationship longevity than good times. The implication: peak moments don't save anything. The skill is rupture-and-repair, not adventure. People leave from too much unrepaired, not from too few peaks.",7193,https://youtu.be/AwPNjPR-vVY?t=7193
92,Jefferson Fisher,"You need somebody who can put up with your ugly. Their love big enough for the bad moment, knowing it's not always going to be that bad moment.",Partner-choice,"ugly,capacity,acceptance",Pick the one who can hold your worst without holding it against you.,"Chris asks what Jefferson has come to believe about choosing a partner. The answer is less romantic than expected. You need someone whose love is big enough to hold your worst moments, who doesn't punish you for them, but who also expects you to come out the other side and own what you did. Not 'good time' tolerance; ugly-moment tolerance.",7338,https://youtu.be/AwPNjPR-vVY?t=7338
90,Jefferson Fisher,People feel like yelling and being aggressive. That's strength. It's not.,Aggression,"anger,misunderstanding-strength",Loud-and-aggressive is not strength; calm conflict-handling is.,"Chris opens by asking why people fear conflict so much. Jefferson answers that we've confused two things: aggression and strength. Most people grew up watching adults who treated yelling, intimidation and physical posturing as proof of being in control. The actual courage, he says, is staying calm in a hard moment and trusting that the conversation will end. Loudness isn't strength; it's the absence of capacity to hold discomfort.",52,https://youtu.be/AwPNjPR-vVY?t=52
90,Jefferson Fisher,Hysterical is historical: emotions that come on too strong are coming from somewhere else.,Emotional-overflow,"history,projection,therapy",Disproportionate emotion is rarely about the current moment.,"He extends the idea via a therapy saying: 'when it's hysterical, it's historical.' When someone's reaction is wildly out of proportion to the present moment, the present is just the trigger. The size of the emotion is being supplied by something older.",1559,https://youtu.be/AwPNjPR-vVY?t=1559
90,Jefferson Fisher,Assertiveness is good. Aggressiveness says I don't care about you.,Boundary-setting,"assertive,aggressive,respect",Assertive: holds your line and the relationship. Aggressive: discards the relationship.,"Chris asks about the biggest mistakes people make when they're on the receiving end of aggression. Jefferson sets up the central distinction he'll keep returning to. Assertiveness holds your line without discarding the relationship. Aggressiveness discards the relationship to hold the line. Same backbone, completely different stance.",1923,https://youtu.be/AwPNjPR-vVY?t=1923
90,Jefferson Fisher,"The more controlled and confident you feel, the less in control they're going to feel.",Aggressive-counterpart,"composure,power,inversion",Your calm undoes their dominance.,"Closing the boundaries beat. Jefferson observes the inverse relationship between your composure and the aggressor's sense of control. The calmer you get, the more out of control they feel, because they were running on the assumption that they could push you into matching their energy.",2068,https://youtu.be/AwPNjPR-vVY?t=2068
90,Jefferson Fisher,Start with the no first. 'But' has a way of deleting everything that came before it.,Declining,"but,grammar,negation",'I'd love to but…' negates the love; reverse the order.,"Jefferson agrees and adds the linguistic mechanism. Most people say 'I'd love to, but I can't.' The word 'but' deletes everything in front of it; the listener only hears the second clause. Reversing the order ('I can't make it. Thank you so much for the invite') keeps both pieces intact.",2796,https://youtu.be/AwPNjPR-vVY?t=2796
90,Jefferson Fisher,The breakthrough you're needing is in the work you're avoiding.,Avoidance,"therapy,breakthrough,work",Where you flinch is where the work is.,"Sister-line to the previous, from therapy. The breakthrough you keep waiting for lives inside the conversation you keep avoiding. Pain you flinch from is the location of the growth, not an obstacle to it.",3742,https://youtu.be/AwPNjPR-vVY?t=3742
90,Jefferson Fisher,"Instead of saying 'that's not what I said', ask 'what did you hear?'",Miscommunication,"reception,debug,curiosity","Debugging miscommunication starts on the receiver's side, not yours.","Practical fix to the previous diagnosis. Instead of pushing back with 'that's not what I said', ask 'what did you hear?' The receiver describes the message they got. The gap becomes visible and addressable. Without this move, you keep louder-and-clearer-ing the same misunderstood sentence.",4040,https://youtu.be/AwPNjPR-vVY?t=4040
90,Jefferson Fisher,How to respond to an insult: with a lot of silence. Five to seven seconds of nothing.,Insult,"silence,non-engagement,composure",Don't pick up what they threw; let it fall.,Chris asks how people should respond to an insult. Jefferson opens with the foundational move: silence. Five to seven full seconds of nothing. Most people fail this test because the silence feels like an eternity. The silence is the point. It hands the discomfort of what they just said back to them.,4435,https://youtu.be/AwPNjPR-vVY?t=4435
90,Jefferson Fisher,"After an insult, ask them to repeat it. 'I need you to say that again.' Almost nobody can.",Insult,"repeat,exposure,shame",Daylight kills ugly words; ask for them again.,"Step two of Jefferson's insult-response protocol: ask them to say it again. 'I need you to repeat that.' He says he's almost never seen anyone successfully do it, because the ugly thing depended on the heat that powered it; repeated cold, in the spotlight, it becomes unbearable to the person who said it.",4488,https://youtu.be/AwPNjPR-vVY?t=4488
90,Chris Williamson,Give them as much rope as they want. They can either climb out or hang themselves with it.,Confronting-lies,"rope,space,reveal",Space + silence is more revealing than accusation.,"Chris's image for the same dynamic: hand them rope and see what they do with it. Some people use it to climb out; some hang themselves. Either way, you've given them the agency and the consequence. You don't have to be the executioner.",5081,https://youtu.be/AwPNjPR-vVY?t=5081
90,Jefferson Fisher (his dad),I'm going to need to discipline you doesn't mean I don't love you.,Boundary-with-love,"discipline,love,parenting",Boundary and love coexist; this is what you teach kids.,Jefferson recalls his father saying this to him as a kid. It's the model for boundary-setting that doesn't sever the bond. Discipline doesn't have to communicate withdrawal of love; it can communicate that love is large enough to include a limit.,5933,https://youtu.be/AwPNjPR-vVY?t=5933
90,Jefferson Fisher,You can continue to win arguments and also lose the relationship. Nobody wants to be with somebody who always has to be right.,Being-right,"win,relationship,insecurity","Always-right shows insecurity, not intellect.",Continuing the same thread. You can keep winning arguments and still lose the relationship. The need to be right tends to be read by partners not as intellect but as insecurity. Nobody wants a partner who's keeping score.,6485,https://youtu.be/AwPNjPR-vVY?t=6485
90,Jefferson Fisher,You have to find the bottom to know how far you can go up.,Relationships,"depth,knockdown-drag-out,bottom",The hardest conversations carve the ceiling for how high the relationship can go.,"Sister-line to the previous. There's a floor in every long relationship that you only find by going through the hardest conversations, the 15-year knockdowns. Once you've touched the bottom together, you know how far up you can go. Without it, the ceiling is theoretical.",7263,https://youtu.be/AwPNjPR-vVY?t=7263
90,Jefferson Fisher,"'I'm talking to you about this because you matter a lot to me. At the end of this, we're still going to be best friends. I love you, I need to tell you this. This is what's on my heart.'",Opening-hard-conversations,"reassurance,love,frame",Front-load the relationship's continuity before the hard content.,"In the closing answer, Jefferson contrasts pinning everything on one conversation with a calmer opener. Tell the person why you're bringing the topic up: because they matter. Tell them what the relationship will still be on the other side: still best friends, still going to dinner. The hard content rests on the unconditional ground.",7673,https://youtu.be/AwPNjPR-vVY?t=7673
88,Jefferson Fisher,Fear often is masked in forms of anger. It's a lot easier to get defensive and yell than to lean across and work through something hard.,Anger,"fear,defensiveness,vulnerability",Anger is fear in disguise; getting defensive is the lazy path.,"Building on the previous beat, Jefferson reframes anger as a defence mechanism. Underneath yelling and defensiveness there is almost always fear, fear of being misunderstood, fear of vulnerability, fear of not being enough. The point is not that fear is shameful, but that taking the lazy path of anger is a way to avoid the harder work of leaning across and actually engaging with what's underneath.",95,https://youtu.be/AwPNjPR-vVY?t=95
88,Jefferson Fisher,"The harder you push, the more hardened they become. The more you tell somebody they're wrong, the more convinced they are that they're right.",Persuasion,"resistance,pushback,backfire","Pressure produces resistance, not change.","Chris frames anger as an evolutionary tool: before law enforcement, you needed an outsized response to deter further violations. That utility is mostly obsolete. Jefferson agrees and tightens the argument: pushing harder against someone you want to change is the surest way to entrench them in their position.",1726,https://youtu.be/AwPNjPR-vVY?t=1726
88,Jefferson Fisher,"Boundaries: focus on the consequences and be okay with them. Without willingness to enforce, there's no boundary.",Boundary-setting,"consequences,follow-through,bite",A boundary you won't enforce isn't a boundary; it's a wish.,"Chris asks Jefferson how to set boundaries well. The most common failure, Jefferson says, is the all-bark, no-bite boundary. People announce a line but aren't willing to accept the consequence of enforcing it, so the line dissolves. A boundary you won't enforce isn't a boundary.",2007,https://youtu.be/AwPNjPR-vVY?t=2007
88,Chris Voss (via both),Sounds like you have a reason for saying that. Seems like that really matters to you.,Disarming,"voss,labeling,curiosity",Reflect-and-name to invite the real thing under the surface remark.,"They both bring up Chris Voss, the FBI negotiator. His signature move is labelling: reflecting back what you observe with a 'sounds like' or 'seems like.' Jefferson uses it constantly in depositions and at home. It invites the real thing out from under the surface remark without confrontation.",2160,https://youtu.be/AwPNjPR-vVY?t=2160
88,Jefferson Fisher,Often the kindest thing you can do is be as direct as you can be when it comes to sad news.,Bad-news,"directness,kindness,sad-news",Soft circling is unkind; directness respects the listener.,"Closing the bad-news beat. The instinct to circle, hedge, and pad with kindness actually disrespects the listener. They know something's coming; making them wait longer is cruelty in nice clothes. Directness is the kinder option.",2631,https://youtu.be/AwPNjPR-vVY?t=2631
88,Jefferson Fisher,The open loop is where the most pain is. Don't leave them guessing why.,Closure,"ambiguity,why,certainty",Closure with reasons hurts less than uncertainty forever.,"Chris references the parents of missing children who say 'we just want to know.' The open loop is worse than the verdict. Jefferson extends the principle to all hard deliveries: when you break up, fire, or refuse, give the reason. The closure is the kindness, even when the content is hard.",3117,https://youtu.be/AwPNjPR-vVY?t=3117
88,Jefferson Fisher,"My words can either hurt you or heal you. If I self-improve everything about me but I don't improve what comes out of my mouth, that's a Formula One car without a steering wheel.",Self-improvement,"words,growth,priority",Improving your body without improving your mouth steers you nowhere.,"After Chris reads his essay 'The Shame of Small Fears,' Jefferson lands on the line. We invest in our bodies but neglect what comes out of our mouths. A high-performance physique paired with low-skill communication is a Formula One car with no steering wheel. Pretty, fast, useless.",3654,https://youtu.be/AwPNjPR-vVY?t=3654
88,Jefferson Fisher,I'm not asking you to fix anything. I just need you to hear that this means something to me.,Venting,"listen,no-fix,need","Name the request: listen, don't problem-solve.","When the other person hears your concern and immediately offers fixes you didn't ask for, name the request. You're not asking for a solution. You're asking for the experience of being heard about something that matters to you. Saying this out loud saves the conversation from devolving into accidental problem-solving.",4065,https://youtu.be/AwPNjPR-vVY?t=4065
88,Jefferson Fisher,Did you mean for that to sound as insulting as it did?,Insult,"intent,question,exposure",Question their intent and they have to either own it or back down.,"Another insult response. Ask about intent: 'did you mean for that to sound as insulting as it did?' Most people retreat into qualifying ('well, I mean…') because owning the intent is uncomfortable. If they double down, you have clarity. Either way you've surfaced what's actually happening.",4613,https://youtu.be/AwPNjPR-vVY?t=4613
88,Jefferson Fisher,Being the bigger person in conversation often means being the most courageous one.,Courage,"bigger-person,courage,maturity","High road takes nerve, not just restraint.","Closing the insult-and-fake-joke section. Being the bigger person is not the same as taking it. It's choosing the response that requires more courage, not less. Backing off, refusing to escalate, naming what's happening, all of those need more nerve than matching the energy does.",5257,https://youtu.be/AwPNjPR-vVY?t=5257
88,Jefferson Fisher,Don't hedge with 'I think' or 'I believe'. Replace with 'I'm confident that.',Assertive-language,"hedging,confidence,language",Hedging makes you sound smaller; replace with confidence phrasing.,"Continuing the weak-phrases beat. 'I think' and 'I believe' are fine in casual talk, but in a setting where you want to be heard as confident, replace them with 'I'm confident that.' Tiny linguistic swap, large perceptual shift in how the listener calibrates your authority.",5395,https://youtu.be/AwPNjPR-vVY?t=5395
88,Joe Hudson (via Chris),"Vagal authority: in an interaction, whose nervous system is dictating how everybody else moves?",Composure,"nervous-system,thermostat,authority",Who's the thermostat in the room? Be them.,"Chris introduces Joe Hudson's concept of vagal authority. In any interaction, somebody's nervous system is dictating the room's temperature. The other parties move toward that person's regulation level. The question to ask when entering a meeting or a conversation: who has it, and what's it doing to the room?",5587,https://youtu.be/AwPNjPR-vVY?t=5587
88,Jefferson Fisher,"I can want all the good things for you and also say, I'm not going to tolerate that. Both things can be true.",Boundary-with-love,"both,care,limit",Love and limits are not opposites.,"Same idea, generalised. We tend to collapse love and limits into a binary: if I limit you I must be withdrawing care, if I care I must accept anything. Jefferson refuses the binary. Both things are true at once, and stating them both is the work.",5946,https://youtu.be/AwPNjPR-vVY?t=5946
88,Jefferson Fisher,"Be intentional with your words. The more words you have to use to tell the truth, the more it starts to sound like a lie.",Word-economy,"truth,brevity,credibility",Excessive explanation undermines the truth you're trying to convey.,"Chris asks Jefferson which of his ten practices for assertiveness people most often skip. His answer: being intentional with words. People conflate length with credibility, but the more words you need to explain a true thing, the more it starts to read like a lie. Brevity is a credibility move.",6105,https://youtu.be/AwPNjPR-vVY?t=6105
88,Jefferson Fisher,Appreciating somebody's perspective is an underrated skill. I don't have to agree with it. I can still hear it.,Disagreement,"perspective,hearing,respect",Hearing isn't the same as agreeing.,Chris asks what to prioritise instead of being right. Jefferson's answer: appreciating the other person's perspective. He's careful to distinguish appreciation from agreement. You don't have to take on their view to honour the fact that they have one.,6502,https://youtu.be/AwPNjPR-vVY?t=6502
88,Jefferson Fisher,"The truth is the truth for me. You can choose to take it or not. I know what I'm living with, and I'm living with a clear conscience.",Being-doubted,"truth,peace,detachment",Don't chase belief; live so you don't need it.,Jefferson articulates the inner posture that makes you immune to manipulation tactics. Your access to your own truth doesn't depend on the other person's belief. You can let them disbelieve and still walk out with a clear conscience. The need to be believed is the leverage; remove it and the leverage disappears.,6968,https://youtu.be/AwPNjPR-vVY?t=6968
88,Jefferson Fisher,Encourage the pursuit of perspective. Where did you learn it? How long have you believed it? Where did that originate?,Disagreement,"curiosity,origin,opening",Ask where their view came from; you become a safe place for it.,"Closing the episode's main answer. Encourage the pursuit of perspective. Where did they learn it? How long have they held it? What hardship taught it? When you ask, people open up. You become the safe place where their view can be examined, not defended.",7766,https://youtu.be/AwPNjPR-vVY?t=7766
87,Jefferson Fisher,Choose your timing in this conversation; don't let somebody else press their timing on you.,Timing,"control,pace,pressure",You own the tempo of the conversation; resist being rushed.,"Sequel to the breath-first idea. The instinct in conflict is to match the other person's tempo, they speed up, you speed up. Jefferson reframes it: timing is something you own. You decide when the conversation happens, how fast it moves, and when it pauses. Don't let them set the rhythm.",1100,https://youtu.be/AwPNjPR-vVY?t=1100
86,Jefferson Fisher,"It takes zero effort to yell and get defensive. It takes a whole lot more strength to take a breath, slow things down, say things more calmly.",Escalation,"breath,self-regulation,strength",Slowing down takes more strength than escalating.,"Chris asks why people lose control so quickly in conversations. Jefferson's answer is physiological: yelling literally takes no effort. The fight-or-flight neuropathway is well-worn and instant. What requires real strength is interrupting that reflex, taking a breath, slowing down, and choosing your words. The slower response is the harder one, which is why most people skip it.",113,https://youtu.be/AwPNjPR-vVY?t=113
86,Chris Williamson (citing Carnegie/Covey),Schedule a worry hour. 'I'll worry about this on Sunday at 2pm.',Worry-management,"closed-loop,working-memory,scheduling",Worries that have a scheduled slot stop running in the background.,"Chris shares a tactic from Dale Carnegie's 'How to Stop Worrying and Start Living': schedule your worry. Pick a specific window for it, Sunday at 2pm, say, and the rest of the week your brain can stop holding the worry in working memory because it knows there's a place for it.",1368,https://youtu.be/AwPNjPR-vVY?t=1368
86,Jefferson Fisher,We respond based on old scripts. It's not that you're seeing the person; it's a reflection of something that happened in your past showing back up.,Projection,"history,trauma,scripts",Big emotional reactions are usually old tapes playing back.,"Jefferson explains why passive-aggressive behaviour shows up so suddenly in adult conflict. We all carry old scripts from childhood. When something in the present makes you feel controlled, caged, or unsafe, your nervous system jumps back to the eight-year-old version of you that first felt it. You're not arguing with the person in front of you, you're arguing with an echo.",2466,https://youtu.be/AwPNjPR-vVY?t=2466
86,Jefferson Fisher,"Don't say 'it's not you, it's me.' Softer in the moment, but the long-term impact is worse because it isn't honest.",Break-up,"honesty,cliche,softening",Comforting lies poison the closure.,"Specific anti-pattern in break-ups: the 'it's not you, it's me' move. It feels softer but it's also dishonest, and dishonesty is what poisons the long-term recovery from a break-up. Whatever the actual reason is, owning it produces cleaner closure than comforting yourself with a cliche.",2722,https://youtu.be/AwPNjPR-vVY?t=2722
86,Jefferson Fisher,They have agency. They get to choose what to do with their feelings about your decision.,People-pleasing,"agency,disappointment,respect",Trust the other person to handle their reaction; that's respect.,"Concrete application of the empathy-overload idea. When you tell your in-laws they should stay at a hotel rather than your house, they may be hurt. That hurt is theirs to feel and theirs to do something with. Trying to manage their emotional response on top of your own boundary is what burns out empaths.",3252,https://youtu.be/AwPNjPR-vVY?t=3252
86,Jefferson Fisher,Always and never are clear signs they're not engaged in the conversation; they're playing an old script.,Absolutes,"always-never,projection,signal",Hyperbole means the present has been replaced by the past.,"Within the same beat, Jefferson flags a signal. When someone hits you with 'you always' or 'you never,' they've left the present and are running an old tape. The argument they appear to be having with you is actually a montage of previous arguments, often with previous people. Spot it and you can stop trying to win the wrong fight.",4086,https://youtu.be/AwPNjPR-vVY?t=4086
86,Jefferson Fisher,Use 'I see things differently' instead of 'I don't agree.' One comments on your perspective; the other attacks their point.,Disagreement,"language,frame,non-attack","Frame disagreement as your view, not their wrongness.","A specific linguistic move from the previous frame. 'I don't agree with that' is a comment on their point and invites defence. 'I see things differently' is a comment on your own perspective and doesn't attack theirs. Same disagreement, completely different atmosphere.",6515,https://youtu.be/AwPNjPR-vVY?t=6515
86,Jefferson Fisher,I just don't understand how they could possibly believe that. Did you try? Have you asked how they came to believe that?,Disagreement,"opposing-view,curiosity,inquiry",Confusion at someone else's view is laziness about origin-stories.,"Jefferson on a common social-media posture. People love to declare that they cannot fathom how someone could hold a particular view. He pushes back: did you actually try? Have you asked them how they arrived there? Most of the time, no. The confusion is performative and cheap.",6555,https://youtu.be/AwPNjPR-vVY?t=6555
86,Jefferson Fisher,Indignation: 'how dare you not believe me' is usually the lie's tell.,Detecting-lies,"indignation,disproportion,fear",Disproportionate offense at being doubted is a tell.,"The same idea, sharpened to a single behaviour. The 'how dare you not believe me' response, the indignation, is the lie's tell. Real outrage at being doubted is much rarer than performative outrage covering for a lie.",6862,https://youtu.be/AwPNjPR-vVY?t=6862
86,Jefferson Fisher,"They'll expect you to come out of it and say 'I could have handled that better,' not blame them for your bad moment.",Repair,"accountability,bad-moment,blame",Own your bad moment; don't outsource the cause.,"Continuing the partner-choice answer. The healthy partner expects you to take responsibility for your bad moment, not blame them for it. 'That wasn't me at my best' is the line that earns the grace you were already given.",7368,https://youtu.be/AwPNjPR-vVY?t=7368
86,Jefferson Fisher,How can you be the most credible in the room with nothing to do with the actual facts of the case? Calm. Body language. The truth-teller doesn't seem worried.,Credibility,"presence,calm,courtroom","Calm is credibility, independent of content.","Chris asks what's most fascinating about being a trial lawyer that outsiders don't see. Jefferson describes the meta-conversation that runs alongside the legal one: body language, calm under bad evidence, selective objections. The most credible person in the room is often not the one with the best facts but the one whose presence reads as unbothered. Credibility is a posture, not a content.",7552,https://youtu.be/AwPNjPR-vVY?t=7552
86,Jefferson Fisher,How can I encourage the pursuit of perspective? Where did you learn it? How long have you believed it? Where did that originate? Is that something you came across through real hardship?,Disagreement,"perspective,origin,safe-place",Ask the origin of their view; you become the safe place where they don't have to harden.,"Same line, second formulation. The repeated framing is intentional: Jefferson wants perspective-pursuit to be the single transferable principle the listener walks out with. Hostility in disagreement evaporates when the other side believes you actually want to know how they got there.",7772,https://youtu.be/AwPNjPR-vVY?t=7772
85,Jefferson Fisher,You don't get extra points for having a very quick comeback. It looks good on social media; doesn't work in real life.,Escalation,"comebacks,slow-down,real-life","Snappy zingers are a social-media trope, not a life skill.",Chris asks how to interrupt the body's escalation reflex in real time. Jefferson starts by puncturing a social-media myth: the brilliant comeback. Devastating zingers play well on TikTok but in real conversations they signal that you optimised for winning instead of staying. You don't get extra points; you usually lose ground.,1075,https://youtu.be/AwPNjPR-vVY?t=1075
85,Jefferson Fisher,"Anytime somebody comes at you with aggressiveness and you respond, all you've done is told them that you're exactly what they said that you were. You've just proved their point.",Receiving-aggression,"aggression,mirror,trap",Matching aggression confirms their accusation; it's a trap.,"The trap of the heated exchange. The moment you respond to someone's aggression in kind, you've validated their accusation about you. Whatever they said you were, you just proved. Their next move is to escalate. The only way to stay free of the trap is to not step into it in the first place.",1988,https://youtu.be/AwPNjPR-vVY?t=1988
84,Chris Williamson,Good emotional storytelling buries the lead in the headline. Lead with 'I'm not mad at you and this is nothing to be worried about.',Opening-hard-conversations,"framing,reassurance,context","In emotional communication, put the reassurance FIRST, the details later.","Chris offers his own framing: good emotional storytelling is the opposite of good dramatic storytelling. In a movie you save the twist for the end; in a hard conversation you put the reassurance up front. 'I'm not mad at you and this is nothing to be worried about' before any of the context, so the listener isn't drowning while you explain.",360,https://youtu.be/AwPNjPR-vVY?t=360
84,Jefferson Fisher,You need 20 minutes to regulate yourself again after getting heated.,Timeouts,"breath,physiology,cooldown",A two-minute pause isn't a real timeout; the body needs ~20.,"Jefferson references the research that the body needs roughly 20 minutes to come down from a flooded state. The common mistake is taking a two-minute timeout, walking back in, and immediately re-escalating because nothing has actually regulated. Real timeouts are longer than feel necessary.",1289,https://youtu.be/AwPNjPR-vVY?t=1289
84,Jefferson Fisher,"Our emotions are extremely complex, but we use the most basic language a caveman would use. I'm sad, I'm mad. There's a whole emotional vocabulary out there.",Emotional-precision,"vocabulary,naming,granularity",Coarse labels hide the actual feeling; learn finer words.,"A small but important aside. Our emotions are intricate; our language for them is primitive, mad, sad, tired, fine. Jefferson points out that there's a whole vocabulary of finer-grained feeling words available, and using them changes what you can actually address in yourself and in someone else.",1567,https://youtu.be/AwPNjPR-vVY?t=1567
84,Jefferson Fisher,I wonder where that's coming from. I wonder why they're responding that way. I wonder what would cause that response.,Receiving-aggression,"curiosity,wonder,de-escalation",Curiosity about the source of their reaction keeps you from matching it.,Practical version of the previous: literally phrase the curiosity to yourself. Where is this reaction coming from? What might cause it? Jefferson uses this internal narration as a brake to stop himself from matching aggression with aggression in cross-examinations and in his own marriage.,1968,https://youtu.be/AwPNjPR-vVY?t=1968
84,Jefferson Fisher,I'm not leaving this conversation. I'm going to make sure we take some time because I can see you need some space. You good with talking later this afternoon?,Timeout-with-promise,"pause,commitment,space",Take space without abandoning; name the return.,"Chris notes the awkward case: you're at a 3 and they're at a 7, and someone at a 7 doesn't want to be talked down by someone at a 3. Jefferson's resolution is the promise-of-return script. You take space without abandoning the conversation. The explicit re-engagement time is what makes it a pause and not a punishment.",2117,https://youtu.be/AwPNjPR-vVY?t=2117
84,Jefferson Fisher,Sounds like there's something else that you're not saying.,Passive-aggression,"labeling,unspoken,invite",Naming the unspoken makes the indirect direct.,"Same beat, a sharper variant. By naming the unspoken, you collapse the deniability that passive-aggression depends on. The other person has to either own what they meant or back off the indirect dig. Either way the move stops working.",2300,https://youtu.be/AwPNjPR-vVY?t=2300
84,Jefferson Fisher,Break-up script: 'I need to have a hard conversation with you. This isn't a relationship I can see myself continuing in.' Get right to the point.,Break-up,"directness,label,no-preamble",Open with the label and the verdict; pleasantries first betray the listener.,"Chris asks how Jefferson would coach someone through breaking up with a partner. Assuming you've made the time and aren't doing it by text, the script is: label the hard conversation, then the verdict, in that order. No pleasantries first. Get to the point fast.",2670,https://youtu.be/AwPNjPR-vVY?t=2670
84,Chris Williamson,"Don't bury the lead. Say 'I can't go' first, then the reason.",Declining,"directness,no-first,structure",Lead with the no; reasons after.,"Chris brings up another communication tip he's picked up: when declining an invitation, lead with 'I can't make it.' Don't construct a fifty-second story about how hard things have been with the no buried at the end. The lead is the no, then the reason if you want to give one.",2780,https://youtu.be/AwPNjPR-vVY?t=2780
84,Chris Williamson,"Over 100 BPM, your front brain is basically turned off.",Physiology,"heart-rate,cognition,regulation",Above 100bpm there's no reasoning anyone back.,"Chris brings up research: above roughly 100 beats per minute, the prefrontal cortex goes offline. They watch a viral chart of a man's Fitbit heart rate during the moment his wife asked for a divorce, spiking to 150. The practical implication: when somebody is flooded, you are not negotiating with a reasoning system.",4146,https://youtu.be/AwPNjPR-vVY?t=4146
84,Jefferson Fisher,Where questions matter a whole lot more than statements.,Confronting-lies,"questions,open-ended,signal",Open questions force them to do the work; statements give them something to bat away.,"Tactical principle: when you're across from someone who will contradict any statement you make, switch to open questions. Statements give them something to push against. Open-ended where-questions force them to construct, which is where the contradictions appear.",4978,https://youtu.be/AwPNjPR-vVY?t=4978
84,Jefferson Fisher,I know that wasn't a joke. It didn't sound like a joke. Sounds like an issue.,Fake-joke-cover,"boundary,name-it,refuse",Name what it actually is.,"If you don't know the person well and they hide behind 'just joking,' Jefferson uses this clearer line. It names what the remark actually was. The longer version: 'I know that wasn't a joke. It didn't sound like a joke. Sounds like an issue.' The fake-joke cover only works if you accept it.",5245,https://youtu.be/AwPNjPR-vVY?t=5245
84,Jefferson Fisher,Don't leave what your intention is up to the other person to guess.,Clarity,"intent,guessing,explicit",Don't outsource your meaning to their guesswork.,Continuing the same point. Communication that depends on the listener guessing your intent is communication that will fail at scale. Clarity isn't about being curt; it's about not outsourcing your meaning to their interpretive work.,6287,https://youtu.be/AwPNjPR-vVY?t=6287
84,Jefferson Fisher,"Repair after an argument: (1) ownership without 'because you did', (2) acknowledge how you imagine they felt, (3) we're still a team.",Repair,"ownership,acknowledgement,team","Three-part repair: own, acknowledge, recommit.","Chris asks what gold-standard repair looks like after an argument. Jefferson and his wife codified a three-step system. One, ownership without 'because you did X.' Two, acknowledgement of how you imagine the moment landed for them. Three, the explicit re-commit to being a team. All three matter; missing any one stalls the repair.",7074,https://youtu.be/AwPNjPR-vVY?t=7074
84,Jefferson Fisher,"Imagine that made you feel hurt, made you feel upset, made you feel less than. (Acknowledge from their perspective.)",Repair,"empathy,emotional-steel-man,acknowledge","Steel-man their feelings: name what you think they felt, then let them correct you.","Inside the same answer, Jefferson elaborates step two of the repair: emotional steel-manning. Don't wait for them to articulate what they felt. Offer your best guess: 'I imagine that made you feel hurt, dismissed, less than.' Then let them correct you. The guess itself is the gift.",7118,https://youtu.be/AwPNjPR-vVY?t=7118
84,Jefferson Fisher,One conversation is typically not enough. You need a lot of them.,Pacing,"single-conversation,pressure,anxiety",Stop pinning everything on one all-or-nothing talk.,"Chris asks for the single most important principle of communication. Jefferson's answer: stop loading any single conversation with the weight of resolving the whole thing. We treat one conversation as decisive, which inflates the anxiety and the stakes. Most real change happens across a series.",7645,https://youtu.be/AwPNjPR-vVY?t=7645
82,Jefferson Fisher,I would rather you tell me to fuck off. That thumbs up is the worst thing you could have possibly done.,Passive-aggression,"texting,emoji,indifference",A thumbs-up reaction is more harmful than an honest insult because it signals contempt.,"Continuing on texting culture: the passive-aggressive sting of the thumbs-up reaction. Jefferson is emphatic, he'd rather be told to fuck off, because at least that's honest engagement. The thumbs-up signals 'I cared so little about you that I didn't even put an O in front of the K.' Indifference disguised as politeness.",297,https://youtu.be/AwPNjPR-vVY?t=297
82,Jefferson Fisher,I can tell this moment is a big one. I want to make sure I take the time that gives my part what this deserves.,Taking-pause,"dignity,respect,pace",Honor the weight of the moment by asking for time to respond well.,"A variant of the previous: when you can feel the conversation is heavier than a quick response can handle. Asking for time isn't avoidance, it's a way of telling the other person that what they said matters enough that you don't want to fumble the reply. Slowness as respect.",1157,https://youtu.be/AwPNjPR-vVY?t=1157
82,Jefferson Fisher,"Shame is usually met with defiance, defensiveness, anger, and unfairness; underneath is self-loathing sadness.",Shame,"defensiveness,anger,self-loathing",Loud indignation is often shame in disguise.,"Chris describes the pattern of girls being kicked out of nightclubs in Newcastle and moving rapidly from screaming injustice to tears. Jefferson generalises: shame works the same way. The defiance, the unfairness narrative, the indignation, all of it is the surface layer over self-loathing sadness that the person doesn't want anyone to see.",1847,https://youtu.be/AwPNjPR-vVY?t=1847
82,Jefferson Fisher,"Boundary template: (1) what you're not going to do, (2) if they continue, (3) what you're willing to walk away from.",Boundary-setting,"template,enforcement,three-parts",Real boundaries have three explicit parts.,"Jefferson gives his three-part template for conversational boundaries: one, what you will not do or accept; two, what happens if they continue; three, what you are willing to walk away from. Without all three pieces, you have a complaint, not a boundary.",2021,https://youtu.be/AwPNjPR-vVY?t=2021
82,Jefferson Fisher,Use 'I need…' to open a self-advocacy ask: 'I need to make sure that during the holidays we keep things quieter in the house.',Self-advocacy,"language,need,direct",'I need' frames the ask without apology or accusation.,"Inside the same in-law example, Jefferson teaches a specific opener for self-advocacy: 'I need to make sure that…' followed by the actual ask. No apology, no over-explanation, no hedge. 'I need' frames the request as legitimate without being aggressive.",3285,https://youtu.be/AwPNjPR-vVY?t=3285
82,Jefferson Fisher,'I'm sorry but…' (you don't really mean it). 'But' negates the apology.,Weak-language,"apology,but,disclaimer",Don't apologize for a position you're about to defend.,"Chris asks which phrases make people sound weak. Jefferson starts with 'I'm sorry but…' The construction signals that you're about to defend a position; the apology is a tax you pay to feel polite before doing it. Most listeners can tell, and the apology stops working.",5335,https://youtu.be/AwPNjPR-vVY?t=5335
82,Jefferson Fisher,'I'd like to have a conversation with you over the next few weeks about X.' Saying it'll take time lowers everybody's anxiety.,Pacing,"time,anxiety,arc","Frame big topics as a process, not a single trial.","Practical version of the previous. Reframe a big topic as a conversation that will take place over weeks. Saying 'I'd like to talk about this over the next month' lowers the anxiety for both people, because the moment is no longer a verdict. It's a chapter.",7706,https://youtu.be/AwPNjPR-vVY?t=7706
80,Jefferson Fisher,Label the difficult conversation: 'This is going to be a hard conversation. This isn't going to be fun to talk about.',Opening-hard-conversations,"framing,priming,emotional-resilience",Name the difficulty up-front so the other person can ready themselves.,"Jefferson contrasts two openings: small-talk-then-bombshell ('hey, you played pickleball lately?… so listen…') versus labelling the conversation up front. Naming the difficulty out loud actually lowers anxiety because it lets the other person ready themselves emotionally. 'This is going to be a hard conversation' is a gift, not a warning.",450,https://youtu.be/AwPNjPR-vVY?t=450
80,Jefferson Fisher,I can tell I'm getting defensive. I'm going to be better for this conversation in a little bit.,Self-regulation,"self-disclosure,pause,defensiveness","Name your defensiveness out loud and reschedule, rather than push through it.","Jefferson's example of using language to regulate yourself out loud. Naming your defensiveness is paradoxically the move that defuses it. By saying 'I can tell I'm getting defensive, I'll be better at this in a little bit' you both interrupt the escalation and give the other person something concrete to respect.",1140,https://youtu.be/AwPNjPR-vVY?t=1140
80,Jefferson Fisher,"I don't engage in conversation with people who disrespect me. If you continue to disrespect me, this is the end of the conversation.",Disrespect,"boundary,exit,template","A clean, behavior-specific exit script for disrespect.","Example application of the template. Notice the structure: behaviour-specific (not vague), conditional (names continuation), and ends with the actual exit. Jefferson stresses that you must be willing to actually get up and leave for the words to carry any weight.",2039,https://youtu.be/AwPNjPR-vVY?t=2039
80,Jefferson Fisher,Firing script: 'This news is probably going to shock you. I need to let you go.' Then the kindness.,Firing,"directness,label,template","Same shape as breakups: verdict first, kindness after.","Same template applied to firing an employee. 'This news is probably going to shock you, I need to let you go.' Then the gratitude, the kindness, the next steps. Verdict first because trying to thread compliments through the news erodes everyone's trust.",2728,https://youtu.be/AwPNjPR-vVY?t=2728
80,Jefferson Fisher,I'm going to need to come back to that later.,Confronting-lies,"slow-down,deny-closure,unsettle",Manipulators want instant closure; deny it.,"Manipulators want speed: the immediate hit, the closed loop, the agreement they can weaponise later. Denying that closure is its own intervention. 'I'm going to need to come back to that later' is unsettling to someone whose tactic depends on you swallowing it now.",5168,https://youtu.be/AwPNjPR-vVY?t=5168
78,Jefferson Fisher,'We need to talk' followed by a period creates an unknown that fear fills in. Don't start with context-first or a void.,Ambiguous-messaging,"texting,open-loop,anxiety",Don't open hard topics with a vacuum; the listener fills it with worst-case scenarios.,"Jefferson uses the example of texting someone 'we need to talk.' The period at the end creates a vacuum: no context, no resolution, only the possibility that something is wrong. The listener's nervous system fills the gap with worst-case scenarios. Don't open hard topics with an open loop; either say more, or say nothing yet.",225,https://youtu.be/AwPNjPR-vVY?t=225
78,Jefferson Fisher,Something else is coming up for me. I'm not sure yet.,Emotional-overflow,"self-disclosure,invitation,partner","When you're more activated than the moment calls for, invite the other person in instead of hiding it.","Another go-to line from Jefferson's marriage. When he notices he's reacting at a 7 to a level-3 situation, he doesn't bottle it and retreat. He invites his wife into it: 'something else is coming up for me, I'm not sure yet.' The invitation itself is the connection, letting her see him mid-process rather than after he's wrapped it up.",961,https://youtu.be/AwPNjPR-vVY?t=961
78,Jefferson Fisher,Set aside time for the most important conversations. 'I'd like to talk to you about something really important. Let's find an hour sometime next week.',Scheduling-conversations,"priority,prep,respect","Big topics deserve scheduled space, not ambushes between dinner and bath time.","Most people don't book time for the conversations that determine their relationships; they book time for the gym, the dentist, work. Jefferson argues the most important conversations deserve at least the same dignity. Asking for an hour next week to talk about something important is a powerful frame all by itself.",1331,https://youtu.be/AwPNjPR-vVY?t=1331
78,Jefferson Fisher,"Put pen to paper before a hard conversation: what am I asking, do I want them to act or listen, what do I want to walk away with?",Preparation,"writing,clarity,intent",Writing it down forces clarity; you discover if you even need to say it.,"Jefferson recommends writing out, before a hard conversation: what am I actually asking for? Do I want them to act, or just listen? What do I want to walk away with? Putting pen to paper exposes whether the conversation is even necessary, whether you're the right person to have it, and whether now is the right time.",1409,https://youtu.be/AwPNjPR-vVY?t=1409
78,Jefferson Fisher,Don't twist the knife by blaming them first when delivering bad news.,Bad-news,"blame,delivery,straight","If you're going to give hard news, don't shift the cause onto them first.","Within the bad-news answer, Jefferson warns against a common move: blaming them first to soften your own guilt about the news. 'If you hadn't done X, I wouldn't have to say this' is twisting the knife. Deliver the news clean, then sit in whatever comes next.",2596,https://youtu.be/AwPNjPR-vVY?t=2596
70,Chris Williamson,"Theo makes a joke that pulls him out, and then puts him back in. Humor as release valve when someone is processing something heavy.",Comforting-distress,"humor,release,regulation",A well-timed joke lets the other person breathe before sinking back in.,"Chris breaks down the same Theo / Strickland clip in body-language terms. Theo doesn't stay solemn the whole time; he lobs a small joke that gives Strickland a chance to come up for air, then drops back into stillness when Strickland is ready to sink in again. Humour as breath, not as deflection.",529,https://youtu.be/AwPNjPR-vVY?t=529
70,Chris Williamson,The compliment sandwich is a little hard to chew.,Feedback,"sandwich,structure,credibility",Sandwiching criticism between flattery undermines both.,"A throwaway Chris-line as they move on, but a real one. The compliment-criticism-compliment sandwich is taught in management courses, but in practice everyone sees through it. The praise reads as a setup for the punch, and the closing praise reads as an attempt to undo the punch. Neither lands.",2833,https://youtu.be/AwPNjPR-vVY?t=2833
70,Chris Williamson,"We intend to measure what matters, but instead what matters to us is only what we can measure (McNamara fallacy).",Hidden-metrics,"mcnamara,quantification,priority",Watch for life decisions that follow what's measurable instead of what matters.,"After Jefferson talks about hidden metrics in family life (the unmeasurable quality of being present with your kid), Chris invokes the McNamara fallacy. The Vietnam war leadership measured what they could (combat deaths) instead of what mattered (domestic sentiment). The same inversion happens in personal lives: we optimise what we can track instead of what we'd actually choose if we could see it.",3892,https://youtu.be/AwPNjPR-vVY?t=3892
65,Jefferson Fisher,Unaddressed paper cuts become big ruptures over time.,Sweeping-under-rug,"accumulation,small-resentments",Letting small grievances slide is what creates eventual blow-ups.,"Jefferson's elaboration on the previous quote. Sweeping a small grievance under the rug feels efficient in the moment (kids to bath, dinner to make, work to do) but each unaddressed micro-rupture becomes a paper cut, then a stack of paper cuts, then a wound that everyone forgot how it started.",950,https://youtu.be/AwPNjPR-vVY?t=950
65,Chris Williamson,The asshole and the assertive person both state their intention without apology. The difference: the assertive person includes the other; the asshole is just showing off.,Assertiveness,"asshole,asshole-vs-assertive,intent","Same surface behavior, different intent. Intent decides which one you are.","Chris asks Jefferson about the assertive-asshole boundary. He observes that functionally, an asshole and an assertive person can produce similar outcomes (both state intent without apology). The difference is the orientation. The assertive person is considering the other party; the asshole is showing off.",6038,https://youtu.be/AwPNjPR-vVY?t=6038
60,Jefferson Fisher,Don't give people too many options in conversation; the meaning gets lost.,Clarity,"options,confusion,intent",Like a Cheesecake Factory menu: too many choices erases the point.,"Jefferson uses the Cheesecake Factory menu as metaphor. Give people too many options or too much ambient information and they pick what they want to focus on, which is rarely what you meant. Meaning gets lost in volume.",6253,https://youtu.be/AwPNjPR-vVY?t=6253
